category,precision,recall,f1,support
business,0.7353689567430025,0.6784037558685446,0.7057387057387058,852
entertainment,0.8048162230671736,0.7453051643192489,0.7739183424741012,852
food_drink,0.8370786516853933,0.8744131455399061,0.8553386911595867,852
health_wellness,0.6904500548847421,0.7373974208675264,0.7131519274376418,853
parenting,0.8004561003420753,0.823943661971831,0.8120300751879699,852
politics,0.790304396843292,0.8227699530516432,0.8062104657849338,852
science_technology,0.7645569620253164,0.7080890973036342,0.7352404138770542,853
sports,0.8497706422018348,0.8697183098591549,0.8596287703016241,852
style_beauty,0.8799048751486326,0.8685446009389671,0.874187832250443,852
travel,0.7974971558589306,0.8227699530516432,0.8099364529173888,852
