clf__C,tfidf__max_features,tfidf__ngram_range,tfidf__sublinear_tf,mean_test_f1_macro,std_test_f1_macro,rank
2.0,None,"(1, 2)",True,0.7871968139424144,0.002394523459918559,1
1.0,None,"(1, 2)",True,0.7868301115478205,0.002150307307370902,2
1.0,None,"(1, 2)",False,0.7863750716595695,0.0025819050300211603,3
2.0,None,"(1, 2)",False,0.7862509297561745,0.002307751283198484,4
0.5,None,"(1, 2)",True,0.7843957518597036,0.0019864411954331066,5
0.5,None,"(1, 2)",False,0.7842127121605029,0.002402175501192814,6
0.5,50000,"(1, 2)",True,0.781996588255654,0.0029004507283938077,7
0.5,50000,"(1, 1)",True,0.7815342317575708,0.004143628485799447,8
0.5,None,"(1, 1)",True,0.7815342317575708,0.004143628485799447,8
0.5,50000,"(1, 2)",False,0.7813257818025992,0.0032307109823048086,10
0.5,None,"(1, 1)",False,0.7806534513908009,0.004196644882178064,11
0.5,50000,"(1, 1)",False,0.7806534513908009,0.004196644882178064,11
0.5,20000,"(1, 1)",True,0.779751877547214,0.00314266553643222,13
0.5,20000,"(1, 1)",False,0.7790584482579644,0.0036566089696879315,14
1.0,50000,"(1, 2)",True,0.7780529080809433,0.0033632465106636714,15
0.1,20000,"(1, 1)",True,0.7769361751546853,0.002125199201790656,16
0.1,None,"(1, 1)",True,0.7765492520354815,0.002812849001682687,17
0.1,50000,"(1, 1)",True,0.7765492520354815,0.002812849001682687,17
0.1,50000,"(1, 1)",False,0.7763799517313761,0.002261958460242876,19
0.1,None,"(1, 1)",False,0.7763799517313761,0.002261958460242876,19
0.1,20000,"(1, 1)",False,0.776273729027228,0.0024977484519412402,21
1.0,50000,"(1, 2)",False,0.7762641338162627,0.003278508579806782,22
1.0,50000,"(1, 1)",True,0.7760600627755959,0.0039000696869030058,23
1.0,None,"(1, 1)",True,0.7760600627755959,0.0039000696869030058,23
0.1,50000,"(1, 2)",True,0.7741259451559005,0.002248284862840641,25
1.0,50000,"(1, 1)",False,0.77391139903444,0.004445799267810972,26
1.0,None,"(1, 1)",False,0.77391139903444,0.004445799267810972,26
0.1,50000,"(1, 2)",False,0.7733328196670091,0.001175789902772953,28
1.0,20000,"(1, 1)",True,0.7720283900700846,0.0024693258664114006,29
2.0,50000,"(1, 2)",True,0.771104331516091,0.0040665785771206156,30
0.5,20000,"(1, 2)",False,0.7709963382112885,0.0026557246773842897,31
0.5,20000,"(1, 2)",True,0.7705402217108859,0.0038224809461111344,32
0.1,20000,"(1, 2)",True,0.7704347090146076,0.0032890363173225636,33
1.0,20000,"(1, 1)",False,0.7699546405490064,0.0037145950421180246,34
0.1,20000,"(1, 2)",False,0.7695659402489745,0.002676679840430747,35
2.0,50000,"(1, 2)",False,0.7691635034400301,0.003526794282355151,36
2.0,None,"(1, 1)",True,0.7664684122591865,0.004174742179420888,37
2.0,50000,"(1, 1)",True,0.7664684122591865,0.004174742179420888,37
2.0,50000,"(1, 1)",False,0.7644170742102137,0.00415175667718319,39
2.0,None,"(1, 1)",False,0.7644170742102137,0.00415175667718319,39
1.0,20000,"(1, 2)",True,0.7628429445289274,0.003248627404545751,41
1.0,20000,"(1, 2)",False,0.7623779945554371,0.0031925172057213893,42
0.1,None,"(1, 2)",False,0.7619344082663038,0.0018073718088561493,43
0.1,None,"(1, 2)",True,0.7616155396806263,0.002452795460498763,44
2.0,20000,"(1, 1)",True,0.7600123382989469,0.0036556494094246443,45
2.0,20000,"(1, 1)",False,0.7594401915691887,0.005057641827520846,46
2.0,20000,"(1, 2)",True,0.7518347668331875,0.004324877081066744,47
2.0,20000,"(1, 2)",False,0.7506965021151834,0.002859033638102603,48
