preview,true,pred,text
Are Celebrity Chefs Making Us Fat? Adding buckets of butter to every recipe isn't exactly a straight shot to healthy liv,parenting,food_drink,Are Celebrity Chefs Making Us Fat? Adding buckets of butter to every recipe isn't exactly a straight shot to healthy living.
America's Most Popular Room Service Items These in-room best-sellers may surprise you.,food_drink,science_technology,America's Most Popular Room Service Items These in-room best-sellers may surprise you.
Turkish NBA Player Detained In Romania Says His Passport Was Canceled For Political Beliefs Enes Kanter is an outspoken ,politics,sports,Turkish NBA Player Detained In Romania Says His Passport Was Canceled For Political Beliefs Enes Kanter is an outspoken critic of Turkish President Recep Tayyip Erdoğan.
Chinese New Year Message LIVING CELEBRATION CALL IN YOUR SPIRIT HORSE Close your eyes and imagine a horse coming towards,health_wellness,parenting,Chinese New Year Message LIVING CELEBRATION CALL IN YOUR SPIRIT HORSE Close your eyes and imagine a horse coming towards you. Notice if it wants to
"Tao Girls: Taobao, Chinese Shopping Site, To Offer Model Delivery Service Writing for Vice's Motherboard, Derek Mead not",science_technology,business,"Tao Girls: Taobao, Chinese Shopping Site, To Offer Model Delivery Service Writing for Vice's Motherboard, Derek Mead notes that despite Taobao's 65 percent share of the online auction market, and"
Barbell Push Press Un-rack the barbell and hold it at shoulder level. Your chest should be up and your feet should be ab,health_wellness,food_drink,Barbell Push Press Un-rack the barbell and hold it at shoulder level. Your chest should be up and your feet should be about hip width apart
"8 Stylish Beach Towels For The Sand, Surf, Pool And Other Summer Fun Spots (PHOTOS) If you're in search of an easy way t",style_beauty,travel,"8 Stylish Beach Towels For The Sand, Surf, Pool And Other Summer Fun Spots (PHOTOS) If you're in search of an easy way to up your seaside style, try catching some rays on a beach towel that's got serious flair"
Clear Your Wardrobe Clutter Time to roll up your sleeves and be ruthless.,style_beauty,health_wellness,Clear Your Wardrobe Clutter Time to roll up your sleeves and be ruthless.
"HuffPostParents' 'The Look' Sweepstakes Official Rules 1. Eligibility: HuffPostParents' ""The Look"" Sweepstakes (the ""Swe",parenting,style_beauty,"HuffPostParents' 'The Look' Sweepstakes Official Rules 1. Eligibility: HuffPostParents' ""The Look"" Sweepstakes (the ""Sweepstakes"") is open only to individuals who are legal residents"
Cracker Barrel Fires 73-Year-Old Veteran Who Gave Food To 'Needy' Man,business,food_drink,Cracker Barrel Fires 73-Year-Old Veteran Who Gave Food To 'Needy' Man
"A Powerful Way For Introverts To Grow Their Productivity This article first appeared on QuietRev.com For a long time, I ",health_wellness,business,"A Powerful Way For Introverts To Grow Their Productivity This article first appeared on QuietRev.com For a long time, I felt like I wasn’t going anywhere. I had big goals as a writer"
Steven Kolb Marries Jay Inkpen In City Hall Ceremony (PHOTO) Mazel tov!,style_beauty,entertainment,Steven Kolb Marries Jay Inkpen In City Hall Ceremony (PHOTO) Mazel tov!
"Pinterest's Sign Up Process Is Down Right Sketchy If you've joined the social photo sharing site, then you've started to",science_technology,style_beauty,"Pinterest's Sign Up Process Is Down Right Sketchy If you've joined the social photo sharing site, then you've started to receive tons of daily emails saying new people are"
"What ""Weird Al"" Can Teach About Career Longevity This weekend ""Weird Al"" Yankovic performed his classic song Yoda as a d",business,entertainment,"What ""Weird Al"" Can Teach About Career Longevity This weekend ""Weird Al"" Yankovic performed his classic song Yoda as a duet with Jodi DiPiazza, a 13-year-old autistic girl, at Comedy Central's ""Night of Too Many Stars."""
"No, The Powerball Jackpot Isn't Enough To Give Everyone $4.3 Million Dividing up the winnings would give everyone less. ",science_technology,business,"No, The Powerball Jackpot Isn't Enough To Give Everyone $4.3 Million Dividing up the winnings would give everyone less. A lot less."
"Miami Dining on and off the Beach Here are some of the most enticing new restaurants in the sun-kissed city right now, b",food_drink,travel,"Miami Dining on and off the Beach Here are some of the most enticing new restaurants in the sun-kissed city right now, both on and off the beach."
"The U.S. Government Uses Sweatshops, Too While consumers may have been shocked to learn of The Gap or Benetton's latest ",business,science_technology,"The U.S. Government Uses Sweatshops, Too While consumers may have been shocked to learn of The Gap or Benetton's latest designs strewn amid the wreckage of ""death trap"" factories, they might have missed another bit of debris: the label of the U.S. government."
Let's Connect to Opportunity Many Americans -- many of them living in low-income communities and communities of color --,politics,health_wellness,"Let's Connect to Opportunity Many Americans -- many of them living in low-income communities and communities of color -- lack accessible transportation options that can make all the difference in their ability to meet basic needs, participate fully in community life, and connect and contribute to our national economy."
Wheelchair Wisdom: The Need to Give,health_wellness,food_drink,Wheelchair Wisdom: The Need to Give
The Keys to the Family Castle It was a privilege to speak to the head of the world's second-largest such extended family,travel,parenting,"The Keys to the Family Castle It was a privilege to speak to the head of the world's second-largest such extended family: His Grace the Duke of Argyll. Our conversation reminded me that while there are many branches of mankind's family tree, we are all rooted in our shared human condition."
"Donald Trump Is Your Drunk Uncle At Thanksgiving With This Chrome Extension Everyone's got one. And now, America's got o",science_technology,politics,"Donald Trump Is Your Drunk Uncle At Thanksgiving With This Chrome Extension Everyone's got one. And now, America's got one."
"Where Kids Can Learn To Love Music Tanglewood, the summer home of the Boston Symphony Orchestra, makes it incredibly eas",travel,parenting,"Where Kids Can Learn To Love Music Tanglewood, the summer home of the Boston Symphony Orchestra, makes it incredibly easy to introduce even young children to the joys of music."
"5 Hip and Cool Yoga Destinations Take your yoga practice to new heights with these beautiful destinations with unique, h",travel,health_wellness,"5 Hip and Cool Yoga Destinations Take your yoga practice to new heights with these beautiful destinations with unique, hip and cool yoga classes. Regardless of the style of yoga you typically practice, you will find life-changing experiences here. Grab your mat and check out my top five picks."
12 GIFs That Prove Our World Is Even More Beautiful Than It Seems,science_technology,business,12 GIFs That Prove Our World Is Even More Beautiful Than It Seems
Could Coffee Be an Apt Symbol for Innovation? In today's connected world where kids may text each other even when they a,business,parenting,"Could Coffee Be an Apt Symbol for Innovation? In today's connected world where kids may text each other even when they are walking side by side, the age old charm of conversations over coffee still hold its relevance."
5 Things You're Probably Doing Wrong In The Shower 2. You're using shower gels and body washes with excessive lather. Ar,style_beauty,health_wellness,5 Things You're Probably Doing Wrong In The Shower 2. You're using shower gels and body washes with excessive lather. Are you washing your face correctly? Dr. Waldorf believes
How to Do Expensive Juice Cleanses at Home (for Less Money) Adding raw juice to your diet is a good way to consume more ,food_drink,health_wellness,How to Do Expensive Juice Cleanses at Home (for Less Money) Adding raw juice to your diet is a good way to consume more essential vitamins and acclimate yourself to a healthier diet.
Can Smartphone Applications Take the Stress Out of Touring Alone? Can smartphone applications take the stress out of tou,travel,science_technology,Can Smartphone Applications Take the Stress Out of Touring Alone? Can smartphone applications take the stress out of touring alone? Or will it take out the fun?  And the discovery?
States Smoking The Most Smuggled Cigarettes,business,health_wellness,States Smoking The Most Smuggled Cigarettes
Bethany Hamilton Pulls Off Huge Upset In Fiji Surf Competition The shark-attack survivor and new mom proves yet again th,sports,health_wellness,Bethany Hamilton Pulls Off Huge Upset In Fiji Surf Competition The shark-attack survivor and new mom proves yet again that you can do whatever you set your mind to.
From Resolution to Routine to Reality Step 1: Prepare for Action I will take this action: Run for one hour I need this e,health_wellness,business,From Resolution to Routine to Reality Step 1: Prepare for Action I will take this action: Run for one hour I need this equipment and these supplies: Running shoes
16 Times Chrissy Teigen And John Legend Were The Best Couple Ever There are few couples who elicit as much jealousy as C,style_beauty,entertainment,16 Times Chrissy Teigen And John Legend Were The Best Couple Ever There are few couples who elicit as much jealousy as Chrissy Teigen and John Legend can. The model-singer duo are pretty
"Frequent Multitaskers Aren't Good At Multitasking, Study Shows ""One of the main reasons people multitask is because they",health_wellness,science_technology,"Frequent Multitaskers Aren't Good At Multitasking, Study Shows ""One of the main reasons people multitask is because they think they are good at it,"" study researcher David Sanbonmatsu"
"Donna's Cancer Story: Relapse 2.0 When you are charged with waiting, you know that your life will take on an unbearable ",parenting,health_wellness,"Donna's Cancer Story: Relapse 2.0 When you are charged with waiting, you know that your life will take on an unbearable quality. Everything around you becomes a more intense version of itself. The sky is bluer, the flowers more brilliant. You want to capture everything and commit it to eternity. Just in case."
"Read Wrestler Mick Foley's Heartfelt Tribute To The City Of Orlando ""A city that refused to be defined by the formidable",sports,entertainment,"Read Wrestler Mick Foley's Heartfelt Tribute To The City Of Orlando ""A city that refused to be defined by the formidable forces of intolerance, ignorance and fear."""
"Move Aside, Matthew McConaughey Is The Most Intense Cheerleader At The Olympics Dad???",entertainment,sports,"Move Aside, Matthew McConaughey Is The Most Intense Cheerleader At The Olympics Dad???"
This Substance Found In Many Houses May Predict Violent Crime New research offers insight into the link between lead -- ,health_wellness,science_technology,"This Substance Found In Many Houses May Predict Violent Crime New research offers insight into the link between lead -- still found in water, soil and old paint -- and criminal behavior."
"How To Talk To A Boss About A Bad Week So, you had an “off” week. Sure, maybe you didn’t make any completely devastating",health_wellness,business,"How To Talk To A Boss About A Bad Week So, you had an “off” week. Sure, maybe you didn’t make any completely devastating mistakes (like leaving the office door"
Tablets Dominate the Toy Aisle What one may find surprising is the fact that the hottest products in the toy industry ri,science_technology,parenting,"Tablets Dominate the Toy Aisle What one may find surprising is the fact that the hottest products in the toy industry right now aren't technically toys -- yup, that's right, they're tablets."
"Obamacare Tech Snafus Expected As States Prepare To Open Online Insurance Exchanges What Karjala, the chief information ",business,politics,"Obamacare Tech Snafus Expected As States Prepare To Open Online Insurance Exchanges What Karjala, the chief information officer at ""Cover Oregon,"" does worry about, however, is what will happen if the entire"
"Hacking Your Way Into The Workforce If you are looking for work, or in danger of becoming out of work, there are concret",science_technology,business,"Hacking Your Way Into The Workforce If you are looking for work, or in danger of becoming out of work, there are concrete steps you can take to improve your situation. You can learn to hack. I know this formula for improving your employment options works: I did it myself 30 years ago."
"Swimming Lessons In the old-fashion parlance of the Talmud, a father is required to teach his son three things: The Tora",parenting,business,"Swimming Lessons In the old-fashion parlance of the Talmud, a father is required to teach his son three things: The Torah, a trade and how to swim."
Jeff Bezos Rescued By Ecuadorian Navy Galapagos National Park draws many wealthy and famous visitors among the roughly 1,science_technology,travel,"Jeff Bezos Rescued By Ecuadorian Navy Galapagos National Park draws many wealthy and famous visitors among the roughly 180,000 tourists who visit every year to"
"Celebrating Being in a Diversity League of Our Own At Kaiser Permanente, we have a wonderful level of diversity among ou",business,health_wellness,"Celebrating Being in a Diversity League of Our Own At Kaiser Permanente, we have a wonderful level of diversity among our caregivers and staff, and  among our patients and members. Our diversity gives us the sensitivity and the connectivity that we need to serve our members respectfully and well."
The Reinvention of the Cadillac: Daring to Be Different My dad was a loyal Cadillac driver and consumer of the iconic an,business,parenting,"The Reinvention of the Cadillac: Daring to Be Different My dad was a loyal Cadillac driver and consumer of the iconic and classic brand. I remember climbing into the soft, plush leather seats with plenty of room to sit back, relax and enjoy the ride."
George H.W. Bush Resurfaces To Toss Out Super Bowl Coin Following Hospitalization The former president left a local hosp,entertainment,politics,George H.W. Bush Resurfaces To Toss Out Super Bowl Coin Following Hospitalization The former president left a local hospital less than a week ago.
"Stella McCartney Olympic Uniforms Are Arguably Too Blue (PHOTOS) ""For the honour of worst kit in history, only the Athle",style_beauty,sports,"Stella McCartney Olympic Uniforms Are Arguably Too Blue (PHOTOS) ""For the honour of worst kit in history, only the Athletic Bilbao away shirt of a few years ago runs it close,"" wrote Tom"
Obama Gives A Shoutout To Equal Pay While Honoring The 2015 WNBA Champs He acknowledged the players' inspiring work as r,politics,sports,"Obama Gives A Shoutout To Equal Pay While Honoring The 2015 WNBA Champs He acknowledged the players' inspiring work as role models, but added that “money is useful too.”"
"Sir Mix-A-Lot's 'Baby Got Back' Gets A Stomping Country Twang You'll like this version, and you cannot lie.",entertainment,parenting,"Sir Mix-A-Lot's 'Baby Got Back' Gets A Stomping Country Twang You'll like this version, and you cannot lie."
Christine Blasey Ford's Friend Says Ford Didn't Coach Her On Polygraph Exam A former boyfriend of Blasey's claimed the K,politics,sports,Christine Blasey Ford's Friend Says Ford Didn't Coach Her On Polygraph Exam A former boyfriend of Blasey's claimed the Kavanaugh accuser did advise Monica McLean on the test two decades ago.
Bound and Gagged Valentine's Day 2015 saw the silver screen light up with the cinematic adaptation of this literary phen,entertainment,travel,"Bound and Gagged Valentine's Day 2015 saw the silver screen light up with the cinematic adaptation of this literary phenomenon. I, for one, couldn't wait. Watching the book's critics blow a gasket and spin out is always good for a chuckle or two."
What You Need To Know About Caring For Eczema I had to take such care with my skin because of one problem: eczema. If yo,style_beauty,health_wellness,"What You Need To Know About Caring For Eczema I had to take such care with my skin because of one problem: eczema. If you've ever experienced the rash, you know it can"
Someone Gave Shaun White's Gold Medal Run The Super Mario Treatment The internet continues to make real life even better,entertainment,sports,Someone Gave Shaun White's Gold Medal Run The Super Mario Treatment The internet continues to make real life even better.
"Scientist Develops Book To Send Kids To Sleep The reviews are pretty wild: ""The first time I read this to my 2-year-old,",health_wellness,parenting,"Scientist Develops Book To Send Kids To Sleep The reviews are pretty wild: ""The first time I read this to my 2-year-old, she fell asleep in under 20 minutes!"" said one"
'Atheism to Replace Religion by 2041': A Clarification This story was recently taken up by the Guardian Express and the ,science_technology,business,"'Atheism to Replace Religion by 2041': A Clarification This story was recently taken up by the Guardian Express and the International Business Times, whose writers were responding to a prediction in my book Why Atheism Will Replace Religion. I want to correct some of their errors and clarify the actual claim."
"Why Netflix's '13 Reasons Why' Could Save Lives Last month, I (and the other parents at our children’s school) received ",health_wellness,parenting,"Why Netflix's '13 Reasons Why' Could Save Lives Last month, I (and the other parents at our children’s school) received an email from the headmaster informing us that many"
What To Tell Little Kids Who Ask If Santa Is Real,entertainment,parenting,What To Tell Little Kids Who Ask If Santa Is Real
"Brussels Burns: Tragedy, Demagogues And Political Expediency Knee jerk reactions, playing on frightened peoples' emotion",politics,business,"Brussels Burns: Tragedy, Demagogues And Political Expediency Knee jerk reactions, playing on frightened peoples' emotions and demagoguery will not solve the problem, it will only alienate those people who should be part of the solution."
"Changing Eating Habits One Bite At A Time Change is a process, so why would anyone expect overnight success?",food_drink,business,"Changing Eating Habits One Bite At A Time Change is a process, so why would anyone expect overnight success?"
Agency Advertising Joint Robby Mook/Corey Lewandowski Appearances Deletes The Page Evidently it was just a crazy idea th,politics,business,Agency Advertising Joint Robby Mook/Corey Lewandowski Appearances Deletes The Page Evidently it was just a crazy idea they had.
"The Recipe for Starting a Business Like many food startups here in San Francisco, our food and beverage concept resorted",business,food_drink,"The Recipe for Starting a Business Like many food startups here in San Francisco, our food and beverage concept resorted to ""pop-up"" model to test the marketplace."
This Is What Obamacare's Critics Won't Admit Or Simply Don't Understand Real people with serious medical issues are fina,politics,health_wellness,This Is What Obamacare's Critics Won't Admit Or Simply Don't Understand Real people with serious medical issues are finally getting the help they need.
Adam Rippon Married Jussi-Pekka Kajaala In Secret New Year's Eve Ceremony The Olympic figure skater surprised fans by re,entertainment,sports,"Adam Rippon Married Jussi-Pekka Kajaala In Secret New Year's Eve Ceremony The Olympic figure skater surprised fans by revealing that he and Kajaala had tied the knot, with their pit bull Tony as an honored guest at the intimate nuptials."
10 White Houses You Can Stay In (PHOTOS) Which dream white house gets your vote?,travel,politics,10 White Houses You Can Stay In (PHOTOS) Which dream white house gets your vote?
Listen To Sally Ride Talk To Gloria Steinem About Facing Sexism As An Astronaut Plus there's a beautifully animated film,science_technology,entertainment,Listen To Sally Ride Talk To Gloria Steinem About Facing Sexism As An Astronaut Plus there's a beautifully animated film to bring life to the 1983 conversation.
The Well-Traveled (And Well-Fed) Life Of A Chef (PHOTOS) Oyster tables were turning out freshly shucked oysters and the ,travel,food_drink,"The Well-Traveled (And Well-Fed) Life Of A Chef (PHOTOS) Oyster tables were turning out freshly shucked oysters and the BBQ table had mac and cheese, roast pork, cornbread, fixins and pig paella. Five or six fires were burning around the space and were set in old sugarcane bowls that were formally used to cook down the cane syrup. We drank and ate our fill and headed back to the cottage for a bit more debauchery."
5 Easy Tips for Being a Successful Landlord It's someone who actually looks forward to the beginning of the month when t,business,health_wellness,5 Easy Tips for Being a Successful Landlord It's someone who actually looks forward to the beginning of the month when the rent checks start coming in. It's someone who runs a tight ship with systems that can handle the big waves that are bound to come.
To The Person Who Left My Sister This Unbelievably Judgmental Letter We can choose every day whether to let life's littl,parenting,health_wellness,"To The Person Who Left My Sister This Unbelievably Judgmental Letter We can choose every day whether to let life's little inconveniences make us miserable, or to smile and carry on. Better still, we can decide to try to make the world a better place -- to lend a hand instead of pointing a finger."
"9 Restaurants With Secret Service Entrances -- Kate Parham, Condé Nast Traveler With the White House, more than 160 emba",travel,politics,"9 Restaurants With Secret Service Entrances -- Kate Parham, Condé Nast Traveler With the White House, more than 160 embassies, and Congress all in our nation's capitol"
"Cooking With Children Food can evoke cherished memories, many of which are formed during childhood.  Summer vacation is ",food_drink,parenting,"Cooking With Children Food can evoke cherished memories, many of which are formed during childhood.  Summer vacation is the perfect opportunity to create and share culinary memories with children.  My daughter and I have been making these memories since she was in her high chair."
"Arianna Huffington's 5 Secrets To Thriving At Work “We think, mistakenly, that success is the result of the amount of ti",business,health_wellness,"Arianna Huffington's 5 Secrets To Thriving At Work “We think, mistakenly, that success is the result of the amount of time we put in at work instead of the quality of time we put in."""
"5 Tips For Running In Sub-Zero Temperatures The key to running in the extreme cold is to protect yourself, wear the prop",health_wellness,style_beauty,"5 Tips For Running In Sub-Zero Temperatures The key to running in the extreme cold is to protect yourself, wear the proper clothing and have an exit strategy."
"Children's Mental Health At Risk From Chronic Financial Instability In a study published in February, researchers found,",parenting,health_wellness,"Children's Mental Health At Risk From Chronic Financial Instability In a study published in February, researchers found, among the 193 participants, reduced hippocampal volume in individuals"
"Hail Smashes Passenger Jet's Windshield, Forces Emergency Landing ""This was the scariest 10 minutes of my life.""",business,travel,"Hail Smashes Passenger Jet's Windshield, Forces Emergency Landing ""This was the scariest 10 minutes of my life."""
"Here's Why It Feels Like Rent Is Eating Up Your Entire Paycheck Rents have gone up faster than incomes for decades. Way,",business,science_technology,"Here's Why It Feels Like Rent Is Eating Up Your Entire Paycheck Rents have gone up faster than incomes for decades. Way, way faster."
"In the End, We're All Entrepreneurs In my 25 years of working I've only really seen one kind of business: the high-risk ",science_technology,business,"In the End, We're All Entrepreneurs In my 25 years of working I've only really seen one kind of business: the high-risk and entrepreneurial kind. Being an entrepreneur is everybody's business, no matter whether you are on the bottom of the totem pole or at the top of heap."
These Are The Most Searched Super Bowl Dips In Every State Here are the most uniquely searched game day dips across the ,food_drink,sports,"These Are The Most Searched Super Bowl Dips In Every State Here are the most uniquely searched game day dips across the country, according to Google."
"David Byrne Spurns Spotify In Essay, Asks 'Are These Services Evil?' Byrne, 61, wrote an essay on The Guardian's website",entertainment,science_technology,"David Byrne Spurns Spotify In Essay, Asks 'Are These Services Evil?' Byrne, 61, wrote an essay on The Guardian's website that criticizes the lack of money flowing into artists' pockets for Spotify's"
"Midnight Baseball Games in Anchorage, Alaska The Glacier Pilots is a college summer baseball team that has played for ov",travel,sports,"Midnight Baseball Games in Anchorage, Alaska The Glacier Pilots is a college summer baseball team that has played for over 40 years. They've launched the careers of pro players like Mark McGwire, and the team has helped over 160 other players to go on to the Major Leagues as well."
Tom Brady's Swollen Testicle Has Its Moment With Howard Stern The quarterback also talked to the shock jock about his fr,entertainment,sports,Tom Brady's Swollen Testicle Has Its Moment With Howard Stern The quarterback also talked to the shock jock about his friendship with Trump and smoking weed in high school.
Paul Walker's Daughter Meadow Reaches $10 Million Crash Settlement The money will go into a trust for the 17-year-old.,entertainment,business,Paul Walker's Daughter Meadow Reaches $10 Million Crash Settlement The money will go into a trust for the 17-year-old.
"Researchers Take On Kermadec Trench Dive To Find Unknown Deep-Sea Creatures The Kermadec Trench dives 32,963 feet (10,04",science_technology,travel,"Researchers Take On Kermadec Trench Dive To Find Unknown Deep-Sea Creatures The Kermadec Trench dives 32,963 feet (10,047 meters) deep offshore of New Zealand in the Pacific Ocean. Waters flowing into"
New Year's Resolutions: A Chance to Teach Your Family About the Power of Setting Goals The power of setting goals is an ,parenting,health_wellness,New Year's Resolutions: A Chance to Teach Your Family About the Power of Setting Goals The power of setting goals is an extremely valuable life skill to teach your children and the New Year is the perfect time to start the conversation.
This Week on Etsy: 6 Smart Gifts for Mother's Day We're obsessed with using Etsy to fill our gift giving needs. Buying u,style_beauty,food_drink,This Week on Etsy: 6 Smart Gifts for Mother's Day We're obsessed with using Etsy to fill our gift giving needs. Buying unique presents directly from a worldwide marketplace of artisans and collectors allows us to skip the ho-hum box stores and avoid paying middleman mark-ups.
"Memories Still Fresh On 30th Anniversary Of The Challenger Disaster ""The Challenger crew was pulling us into the future,",science_technology,politics,"Memories Still Fresh On 30th Anniversary Of The Challenger Disaster ""The Challenger crew was pulling us into the future, and we'll continue to follow them,"" said President Ronald Reagan at the time."
Donald Trump Predicted His Huge Lead In The Polls 20 Years Ago Yet the celebrity real estate mogul swore off politics as,entertainment,politics,"Donald Trump Predicted His Huge Lead In The Polls 20 Years Ago Yet the celebrity real estate mogul swore off politics as ""demeaning."""
"Debt-Default Crisis 2015: Raise, and Then Raze, the Debt Ceiling (Part 1) At the stroke of midnight, March 16, 2015, the",politics,business,"Debt-Default Crisis 2015: Raise, and Then Raze, the Debt Ceiling (Part 1) At the stroke of midnight, March 16, 2015, the debt ceiling was again breached. The Treasury Department has begun ""extraordinary measures"" to forestall the certain default. Jack Lew must rob Peter to pay Paul."
"Susan Sarandon's Daughter Eva Amurri Claims Nanny Wanted To Sleep With Her Husband And yes, the nanny was fired.",entertainment,parenting,"Susan Sarandon's Daughter Eva Amurri Claims Nanny Wanted To Sleep With Her Husband And yes, the nanny was fired."
Kid-Friendly Sushi Is Real Getting kids to try different foods can be a challenge. Getting kids to try sushi? Nearly imp,food_drink,parenting,Kid-Friendly Sushi Is Real Getting kids to try different foods can be a challenge. Getting kids to try sushi? Nearly impossible. If you've ever offered
"Top Chef Fan Favorite, Fabio Viviani on What NOT To Do When Cooking Pasta",entertainment,food_drink,"Top Chef Fan Favorite, Fabio Viviani on What NOT To Do When Cooking Pasta"
"How HypnoBirthing Supported the Labor I Hoped for Looking back, I'm glad I didn't write it off despite its rather bizarr",parenting,science_technology,"How HypnoBirthing Supported the Labor I Hoped for Looking back, I'm glad I didn't write it off despite its rather bizarre-sounding name."
Airline Under Fire For Offensive World Cup Tweet,business,sports,Airline Under Fire For Offensive World Cup Tweet
"Is Content Consuming You or Are You Consuming Content? Are you like me, always trying to carve out time from your day to",business,style_beauty,"Is Content Consuming You or Are You Consuming Content? Are you like me, always trying to carve out time from your day to read blogs, eBooks, whitepapers, attend webinars, watch videos and visit yet another website? Our challenge isn't finding the information, but finding time to read it."
"Monsanto Is On A Major Losing Streak The agricultural giant seems like it ""forgot to sacrifice a goat to the gods.""",business,food_drink,"Monsanto Is On A Major Losing Streak The agricultural giant seems like it ""forgot to sacrifice a goat to the gods."""
"The Very Best Classroom I love the thought of a tour guide being a teacher, with the greatest classroom imaginable. I al",travel,food_drink,"The Very Best Classroom I love the thought of a tour guide being a teacher, with the greatest classroom imaginable. I also love the thought of little"
They're Back,business,entertainment,They're Back
"24 Signs You're Addicted To Cabs 23. You can pretty much always guess, down to the nearest dime, precisely how much it w",travel,health_wellness,"24 Signs You're Addicted To Cabs 23. You can pretty much always guess, down to the nearest dime, precisely how much it will cost to get home from any point"
"Would You Get Rid of Your Pet if Your Baby Was Allergic? If your baby is prone to pet allergies, consider some of these ",parenting,health_wellness,"Would You Get Rid of Your Pet if Your Baby Was Allergic? If your baby is prone to pet allergies, consider some of these highly effective solutions before giving away your pet."
"Brittany Kozerski, Associate Editor At Marie Claire, Teaches Us Her Zit-Zapping Technique Some girls just have a glow ab",style_beauty,parenting,"Brittany Kozerski, Associate Editor At Marie Claire, Teaches Us Her Zit-Zapping Technique Some girls just have a glow about them. That kind of glow that makes you stop dead in your tracks and take notice. Brittany"
"Trump Keeps Denying His Sexual Misconduct, But Calls Out Other Alleged Predators He still claims all the women who accus",politics,entertainment,"Trump Keeps Denying His Sexual Misconduct, But Calls Out Other Alleged Predators He still claims all the women who accuse him are liars, and now reportedly says the ""Access Hollywood"" tape is fake."
